{"cameraMode":{"drawMode":0,"name":"Shaded","section":"Shading Mode"},"sceneLighting":true,"audioPlay":false,"sceneViewState":{"m_AlwaysRefresh":false,"showFog":true,"showSkybox":true,"showFlares":true,"showImageEffects":true,"showParticleSystems":true,"showVisualEffectGraphs":true,"m_FxEnabled":true},"in2DMode":false,"pivot":{"x":722.0336303710938,"y":316.4064025878906,"z":155.22618103027345},"rotation":{"x":0.04347727820277214,"y":0.018887924030423166,"z":0.0008878199732862413,"w":-0.9989046454429627},"size":687.2980346679688,"orthographic":true}