{"cameraMode":{"drawMode":0,"name":"Shaded","section":"Shading Mode"},"sceneLighting":true,"audioPlay":false,"sceneViewState":{"m_AlwaysRefresh":false,"showFog":true,"showSkybox":true,"showFlares":true,"showImageEffects":true,"showParticleSystems":true,"showVisualEffectGraphs":true,"m_FxEnabled":true},"in2DMode":false,"pivot":{"x":-2.880000114440918,"y":1.8010001182556153,"z":0.07000017166137696},"rotation":{"x":0.3134954571723938,"y":0.46945834159851076,"z":-0.18284107744693757,"w":0.804923415184021},"size":12.603793144226075,"orthographic":true}