{"cameraMode":{"drawMode":0,"name":"Shaded","section":"Shading Mode"},"sceneLighting":true,"audioPlay":false,"sceneViewState":{"m_AlwaysRefresh":false,"showFog":true,"showSkybox":true,"showFlares":true,"showImageEffects":true,"showParticleSystems":true,"showVisualEffectGraphs":true,"m_FxEnabled":true},"in2DMode":false,"pivot":{"x":-12.74306869506836,"y":0.000003814697265625,"z":2.5041980743408205},"rotation":{"x":-0.2698320746421814,"y":0.7291490435600281,"z":-0.422497421503067,"w":-0.46628645062446597},"size":22.062814712524415,"orthographic":true}