{"cameraMode":{"drawMode":0,"name":"Shaded","section":"Shading Mode"},"sceneLighting":true,"audioPlay":false,"sceneViewState":{"m_AlwaysRefresh":false,"showFog":true,"showSkybox":true,"showFlares":true,"showImageEffects":true,"showParticleSystems":true,"showVisualEffectGraphs":true,"m_FxEnabled":true},"in2DMode":false,"pivot":{"x":-1.2047816514968873,"y":-0.566914975643158,"z":0.39398980140686037},"rotation":{"x":-0.2967742681503296,"y":-0.1585940420627594,"z":0.05012459680438042,"w":-0.9404087662696838},"size":1.3291763067245484,"orthographic":true}