{"cameraMode":{"drawMode":0,"name":"Shaded","section":"Shading Mode"},"sceneLighting":true,"audioPlay":false,"sceneViewState":{"m_AlwaysRefresh":false,"showFog":true,"showSkybox":true,"showFlares":true,"showImageEffects":true,"showParticleSystems":true,"showVisualEffectGraphs":true,"m_FxEnabled":true},"in2DMode":false,"pivot":{"x":224.25076293945313,"y":106.75471496582031,"z":154.696044921875},"rotation":{"x":0.04347727820277214,"y":0.018887924030423166,"z":0.0008878199732862413,"w":-0.9989046454429627},"size":97.15744018554688,"orthographic":true}