{"cameraMode":{"drawMode":0,"name":"Shaded","section":"Shading Mode"},"sceneLighting":true,"audioPlay":false,"sceneViewState":{"m_AlwaysRefresh":false,"showFog":true,"showSkybox":true,"showFlares":true,"showImageEffects":true,"showParticleSystems":true,"showVisualEffectGraphs":true,"m_FxEnabled":true},"in2DMode":false,"pivot":{"x":-1.0499998331069947,"y":0.19584155082702638,"z":-4.570076942443848},"rotation":{"x":0.10169234126806259,"y":0.8972527384757996,"z":-0.3273136019706726,"w":0.2787163555622101},"size":2.7837018966674806,"orthographic":true}