{"cameraMode":{"drawMode":0,"name":"Shaded","section":"Shading Mode"},"sceneLighting":true,"audioPlay":false,"sceneViewState":{"m_AlwaysRefresh":false,"showFog":true,"showSkybox":true,"showFlares":true,"showImageEffects":true,"showParticleSystems":true,"showVisualEffectGraphs":true,"m_FxEnabled":true},"in2DMode":false,"pivot":{"x":2.485339641571045,"y":4.129177570343018,"z":1.6955591440200806},"rotation":{"x":-0.0069290692918002609,"y":0.4554115831851959,"z":0.0035844447556883098,"w":0.8903454542160034},"size":75.9076919555664,"orthographic":true}