{"cameraMode":{"drawMode":0,"name":"Shaded","section":"Shading Mode"},"sceneLighting":true,"audioPlay":false,"sceneViewState":{"m_AlwaysRefresh":false,"showFog":true,"showSkybox":true,"showFlares":true,"showImageEffects":true,"showParticleSystems":true,"showVisualEffectGraphs":true,"m_FxEnabled":true},"in2DMode":false,"pivot":{"x":11.319999694824219,"y":0.9700000286102295,"z":0.009999990463256836},"rotation":{"x":-0.5125793218612671,"y":-0.12075518816709519,"z":0.07307765632867813,"w":-0.8470303416252136},"size":21.22280502319336,"orthographic":true}