{"cameraMode":{"drawMode":0,"name":"Shaded","section":"Shading Mode"},"sceneLighting":true,"audioPlay":false,"sceneViewState":{"m_AlwaysRefresh":false,"showFog":true,"showSkybox":true,"showFlares":true,"showImageEffects":true,"showParticleSystems":true,"showVisualEffectGraphs":true,"m_FxEnabled":true},"in2DMode":false,"pivot":{"x":8.218000411987305,"y":1.6319999694824219,"z":1.062999963760376},"rotation":{"x":0.08228004723787308,"y":0.05528340861201286,"z":-0.004571368917822838,"w":0.9950665235519409},"size":1.725268840789795,"orthographic":true}